<?xml version="1.0" encoding="UTF-8"?>


<document>
    <header/>


    <body>
        <section name="Hibernate Spatial Microsoft SQL Server Provider Usage">
            <p>
                To have Hibernate Spatial use this provider, simply drop
                the jar on the class-path alongside the
                hibernate-spatial.jar. When the Hibernate Spatial
                library is loaded it will find the provider and use it
                to retrieve the Hibernate dialect for SQL Server. This dialect is a subclass of
                <code>org.hibernate.dialect.SQLServerDialect</code>
            </p>
            <p>
                With the provider installed, you can use it by setting
                the dialect in the Hibernate configuration file as in
                the following snippet.
            </p>
            <source>
<![CDATA[
    ...
    <property name="hibernate.dialect">
        org.hibernatespatial.sqlserver.SQLServerSpatialDialect
    </property>
    ...
]]>
            </source>

            <p>
                When there is more than one Hibernate Spatial provider
                on the Class-Path, you should explicitly label the
                dialect for the Geometry valued properties.
            </p>
            <source>
 <![CDATA[
    ...
    <property name="geometry">
        <type name="org.hibernatespatial.GeometryUserType">
            <param name="dialect">sqlserver</param>
        </type>
        <column name="geom"/>
    </property>
    ...
]]>
            </source>
        </section>

    </body>
</document>