<?xml version="1.0" encoding="UTF-8"?>
<project name="Hibernate Spatial">
  
  <bannerLeft>
    <name>Hibernate Spatial</name>
    <href>http://www.hibernatespatial.org/</href>
  </bannerLeft>

<!--   
  <bannerRight>
    <name>GEOVISE</name>
    <src>http://www.geovise.com/</src>    
  </bannerRight>
 -->
  
  <skin>
    <groupId>org.apache.maven.skins</groupId>
    <artifactId>maven-default-skin</artifactId>
  </skin>

  <publishDate format="yyyy MMM dd" />
  
  <body>
    <links>
      <item name="GEOVISE" href="http://www.geovise.com/"/>
      <item name="Hibernate Spatial" href="http://www.hibernatespatial.org/"/>
    </links>

    <head>

    </head>

    <!-- <menu name="Hibernate Spatial">
    	<item name="What is Hibernate Spatial?" href="what-is-hibernate-spatial.html"/>
    </menu>
	-->
	
    <menu ref="modules" inherit="bottom"/>
    <menu ref="reports" inherit="bottom"/>	

  
  </body>
</project>