<?xml version="1.0" encoding="UTF-8"?>

<!--
  ~ $Id:$
  ~
  ~ This file is part of Hibernate Spatial, an extension to the
  ~ hibernate ORM solution for geographic data.
  ~
  ~ Copyright © 2007-2010 Geovise BVBA
  ~
  ~ This library is free software; you can redistribute it and/or
  ~ modify it under the terms of the GNU Lesser General Public
  ~ License as published by the Free Software Foundation; either
  ~ version 2.1 of the License, or (at your option) any later version.
  ~
  ~ This library is distributed in the hope that it will be useful,
  ~ but WITHOUT ANY WARRANTY; without even the implied warranty of
  ~ MERCHANTABILITY or FITNESS FOR A PARTICULAR PURPOSE.  See the GNU
  ~ Lesser General Public License for more details.
  ~
  ~ You should have received a copy of the GNU Lesser General Public
  ~ License along with this library; if not, write to the Free Software
  ~ Foundation, Inc., 59 Temple Place, Suite 330, Boston, MA  02111-1307  USA
  ~
  ~ For more information, visit: http://www.hibernatespatial.org/
  -->

<document>
    <properties>
        <title>Releases</title>
    </properties>
    <body>
        <section name="Hibernate Spatial Releases">
            <subsection name="Release 1.0 (2010-04-05)">

                <h4>Bug
                </h4>
                <ul>
                    <li>[<a href='http://www.hibernatespatial.org/jira/browse/HIBSPA-25'>HIBSPA-25</a>] - Storing valid
                        MultiPolygon with holes leads to invalid Geometry in Database
                    </li>
                    <li>[<a href='http://www.hibernatespatial.org/jira/browse/HIBSPA-26'>HIBSPA-26</a>] - Change warning
                        message to info when no configuration file is found.
                    </li>
                    <li>[<a href='http://www.hibernatespatial.org/jira/browse/HIBSPA-29'>HIBSPA-29</a>] - Invalid
                        connection exceptions in SDO_GEOMETRY class when using OCI driver
                    </li>
                    <li>[<a href='http://www.hibernatespatial.org/jira/browse/HIBSPA-31'>HIBSPA-31</a>] - String
                        Geometry collection fails with ORA-29875: failed in the execution of the ODCIINDEXINSERT
                        routine; ORA-13365: layer SRID does not match geometry SRID
                    </li>
                    <li>[<a href='http://www.hibernatespatial.org/jira/browse/HIBSPA-33'>HIBSPA-33</a>] -
                        GeometryUserType implement Serializable
                    </li>
                    <li>[<a href='http://www.hibernatespatial.org/jira/browse/HIBSPA-34'>HIBSPA-34</a>] -
                        SDOGeometryType and OracleSpatial10gDialect implement Serializable
                    </li>
                    <li>[<a href='http://www.hibernatespatial.org/jira/browse/HIBSPA-35'>HIBSPA-35</a>] - Nullpointer
                        exception thrown by EventLocator
                    </li>
                    <li>[<a href='http://www.hibernatespatial.org/jira/browse/HIBSPA-36'>HIBSPA-36</a>] - EventLocator
                        doesn't set SRID on result
                    </li>
                    <li>[<a href='http://www.hibernatespatial.org/jira/browse/HIBSPA-37'>HIBSPA-37</a>] - Parse
                        Exception when trying to store empty geometries
                    </li>
                    <li>[<a href='http://www.hibernatespatial.org/jira/browse/HIBSPA-38'>HIBSPA-38</a>] - Thread-safety
                        issue in WKBReader
                    </li>
                    <li>[<a href='http://www.hibernatespatial.org/jira/browse/HIBSPA-40'>HIBSPA-40</a>] - Change scope
                        of database drives to provided in hibernate-spatial-* modules
                    </li>
                    <li>[<a href='http://www.hibernatespatial.org/jira/browse/HIBSPA-42'>HIBSPA-42</a>] - getMaxM()
                        returns -Infinity on a valid MultiMLineString object
                    </li>
                    <li>[<a href='http://www.hibernatespatial.org/jira/browse/HIBSPA-43'>HIBSPA-43</a>] - documentation
                        on parametrized type is incorrect
                    </li>
                    <li>[<a href='http://www.hibernatespatial.org/jira/browse/HIBSPA-45'>HIBSPA-45</a>] - NPE in
                        GeometryUserType.java ; dialect not picked up
                    </li>
                    <li>[<a href='http://www.hibernatespatial.org/jira/browse/HIBSPA-51'>HIBSPA-51</a>] - Typo in
                        GeometryType function
                    </li>
                </ul>

                <h4>Improvement
                </h4>
                <ul>
                    <li>[<a href='http://www.hibernatespatial.org/jira/browse/HIBSPA-5'>HIBSPA-5</a>] - Oracle provider
                        generates slow SQL queries.
                    </li>
                    <li>[<a href='http://www.hibernatespatial.org/jira/browse/HIBSPA-17'>HIBSPA-17</a>] - Restructure
                        unit testing framework
                    </li>
                    <li>[<a href='http://www.hibernatespatial.org/jira/browse/HIBSPA-20'>HIBSPA-20</a>] - Create source
                        code artifacts for easy reference from IDEs
                    </li>
                    <li>[<a href='http://www.hibernatespatial.org/jira/browse/HIBSPA-27'>HIBSPA-27</a>] - Do not assume
                        the JDBC Resultset contains oracle STRUCTS for geometry objects
                    </li>
                    <li>[<a href='http://www.hibernatespatial.org/jira/browse/HIBSPA-28'>HIBSPA-28</a>] - Switch to
                        slf4j so HS uses same logging approach as Hibernate
                    </li>
                    <li>[<a href='http://www.hibernatespatial.org/jira/browse/HIBSPA-30'>HIBSPA-30</a>] - Dialect
                        extends depracated dialect
                    </li>
                    <li>[<a href='http://www.hibernatespatial.org/jira/browse/HIBSPA-41'>HIBSPA-41</a>] - The
                        repositories tag structure given at the link http://www.hibernatespatial.org/mavenquick.html has
                        a bug.
                    </li>
                    <li>[<a href='http://www.hibernatespatial.org/jira/browse/HIBSPA-48'>HIBSPA-48</a>] - Better
                        dependency management
                    </li>
                </ul>

                <h4>New Feature
                </h4>
                <ul>
                    <li>[<a href='http://www.hibernatespatial.org/jira/browse/HIBSPA-22'>HIBSPA-22</a>] - Hibernate
                        Spatial needs to provide a Type object for the GeometryUserType class.
                    </li>
                    <li>[<a href='http://www.hibernatespatial.org/jira/browse/HIBSPA-44'>HIBSPA-44</a>] - Create
                        provider for Sqlserver 2008 geometry type
                    </li>
                </ul>

                <h4>Task
                </h4>
                <ul>
                    <li>[<a href='http://www.hibernatespatial.org/jira/browse/HIBSPA-47'>HIBSPA-47</a>] - update all
                        dependencies to latest stable version
                    </li>
                </ul>
            </subsection>


            <h4>Binaries</h4>

            <table>
                <tr>
                    <th>Module</th>
                    <th>File</th>
                    <th>MD5 checksum</th>
                </tr>
                <tr>
                    <td>Hibernate Spatial</td>
                    <td>
                        <a
                                href="http://www.hibernatespatial.org/repository/org/hibernatespatial/hibernate-spatial/1.0/hibernate-spatial-1.0.jar">
                            hibernate-spatial-1.0.jar
                        </a>
                    </td>
                    <td>
                        <a
                                href="http://www.hibernatespatial.org/repository/org/hibernatespatial/hibernate-spatial/1.0/hibernate-spatial-1.0.jar.md5">
                            hibernate-spatial-1.0.jar.md5
                        </a>
                    </td>
                </tr>
                <tr>
                    <td>Oracle Spatial Provider</td>
                    <td>
                        <a
                                href="http://www.hibernatespatial.org/repository/org/hibernatespatial/hibernate-spatial-oracle/1.0/hibernate-spatial-oracle-1.0.jar">
                            hibernate-spatial-oracle-1.0.jar
                        </a>
                    </td>
                    <td>
                        <a
                                href="http://www.hibernatespatial.org/repository/org/hibernatespatial/hibernate-spatial-oracle/1.0/hibernate-spatial-oracle-1.0.jar.md5">
                            hibernate-spatial-oracle-1.0.jar.md5
                        </a>
                    </td>
                </tr>
                <tr>
                    <td>Postgis provider</td>
                    <td>
                        <a
                                href="http://www.hibernatespatial.org/repository/org/hibernatespatial/hibernate-spatial-postgis/1.0/hibernate-spatial-postgis-1.0.jar">
                            hibernate-spatial-postgis-1.0.jar
                        </a>
                    </td>
                    <td>
                        <a
                                href="http://www.hibernatespatial.org/repository/org/hibernatespatial/hibernate-spatial-postgis/1.0/hibernate-spatial-postgis-1.0.jar.md5">
                            hibernate-spatial-postgis-1.0.jar.md5
                        </a>
                    </td>
                </tr>
                <tr>
                    <td>Microsoft SQL Server provider</td>
                    <td>
                        <a
                                href="http://www.hibernatespatial.org/repository/org/hibernatespatial/hibernate-spatial-sqlserver/1.0/hibernate-spatial-sqlserver-1.0.jar">
                            hibernate-spatial-sqlserver-1.0.jar
                        </a>
                    </td>
                    <td>
                        <a
                                href="http://www.hibernatespatial.org/repository/org/hibernatespatial/hibernate-spatial-sqlserver/1.0/hibernate-spatial-sqlserver-1.0.jar.md5">
                            hibernate-spatial-sqlserver-1.0.jar.md5
                        </a>
                    </td>
                </tr>
                <tr>

                    <td>MySQL Provider</td>
                    <td>
                        <a
                                href="http://www.hibernatespatial.org/repository/org/hibernatespatial/hibernate-spatial-mysql/1.0/hibernate-spatial-mysql-1.0.jar">
                            hibernate-spatial-mysql-1.0.jar
                        </a>
                    </td>
                    <td>
                        <a
                                href="http://www.hibernatespatial.org/repository/org/hibernatespatial/hibernate-spatial-mysql/1.0/hibernate-spatial-mysql-1.0.jar.md5">
                            hibernate-spatial-mysql-1.0.jar.md5
                        </a>
                    </td>
                </tr>

                <tr>

                    <td>GeoDB Provider</td>
                    <td>
                        <a
                                href="http://www.hibernatespatial.org/repository/org/hibernatespatial/hibernate-spatial-h2-geodb/1.0/hibernate-spatial-h2-geodb-1.0.jar">
                            hibernate-spatial-h2-geodb-1.0.jar
                        </a>
                    </td>
                    <td>
                        <a
                                href="http://www.hibernatespatial.org/repository/org/hibernatespatial/hibernate-spatial-h2-geodb/1.0/hibernate-spatial-h2-geodb-1.0.jar.md5">
                            hibernate-spatial-h2-geodb-1.0.jar.md5
                        </a>
                    </td>
                </tr>

            </table>

            <subsection name="Release 1.0-M2 (2008-08-15)">
                <table>
                    <tr>
                        <th>Module</th>
                        <th>File</th>
                        <th>MD5 checksum</th>
                    </tr>
                    <tr>
                        <td>Hibernate Spatial</td>
                        <td>
                            <a
                                    href="http://www.hibernatespatial.org/repository/org/hibernatespatial/hibernate-spatial/1.0-M2/hibernate-spatial-1.0-M2.jar">
                                hibernate-spatial-1.0-M2.jar
                            </a>
                        </td>
                        <td>
                            <a
                                    href="http://www.hibernatespatial.org/repository/org/hibernatespatial/hibernate-spatial/1.0-M2/hibernate-spatial-1.0-M2.jar.md5">
                                hibernate-spatial-1.0-M2.jar.md5
                            </a>
                        </td>
                    </tr>
                    <tr>
                        <td>Oracle Spatial Provider</td>
                        <td>
                            <a
                                    href="http://www.hibernatespatial.org/repository/org/hibernatespatial/hibernate-spatial-oracle/1.0-M2/hibernate-spatial-oracle-1.0-M2.jar">
                                hibernate-spatial-oracle-1.0-M2.jar
                            </a>
                        </td>
                        <td>
                            <a
                                    href="http://www.hibernatespatial.org/repository/org/hibernatespatial/hibernate-spatial-oracle/1.0-M2/hibernate-spatial-oracle-1.0-M2.jar.md5">
                                hibernate-spatial-oracle-1.0-M2.jar.md5
                            </a>
                        </td>
                    </tr>
                    <tr>
                        <td>Postgis provider</td>
                        <td>
                            <a
                                    href="http://www.hibernatespatial.org/repository/org/hibernatespatial/hibernate-spatial-postgis/1.0-M2/hibernate-spatial-postgis-1.0-M2.jar">
                                hibernate-spatial-postgis-1.0-M2.jar
                            </a>
                        </td>
                        <td>
                            <a
                                    href="http://www.hibernatespatial.org/repository/org/hibernatespatial/hibernate-spatial-postgis/1.0-M2/hibernate-spatial-postgis-1.0-M2.jar.md5">
                                hibernate-spatial-postgis-1.0-M2.jar.md5
                            </a>
                        </td>
                    </tr>
                    <tr>
                        <td>MySQL Provider</td>
                        <td>
                            <a
                                    href="http://www.hibernatespatial.org/repository/org/hibernatespatial/hibernate-spatial-mysql/1.0-M2/hibernate-spatial-mysql-1.0-M2.jar">
                                hibernate-spatial-mysql-1.0-M2.jar
                            </a>
                        </td>
                        <td>
                            <a
                                    href="http://www.hibernatespatial.org/repository/org/hibernatespatial/hibernate-spatial-mysql/1.0-M2/hibernate-spatial-mysql-1.0-M2.jar.md5">
                                hibernate-spatial-mysql-1.0-M2.jar.md5
                            </a>
                        </td>
                    </tr>


                </table>
            </subsection>

            <subsection name="Release 1.0-M1 (2008-01-25)">
                <table>
                    <tr>
                        <th>Module</th>
                        <th>File name</th>
                        <th>MD5 checksum</th>
                    </tr>
                    <tr>
                        <td>Hibernate Spatial</td>
                        <td>
                            <a
                                    href="http://www.hibernatespatial.org/repository/org/hibernatespatial/hibernate-spatial/1.0-M1/hibernate-spatial-1.0-M1.jar">
                                hibernate-spatial-1.0-M1.jar
                            </a>
                        </td>
                        <td>
                            <a
                                    href="http://www.hibernatespatial.org/repository/org/hibernatespatial/hibernate-spatial/1.0-M1/hibernate-spatial-1.0-M1.jar.md5">
                                hibernate-spatial-1.0-M1.jar.md5
                            </a>
                        </td>
                    </tr>
                    <tr>
                        <td>Oracle Spatial Provider</td>
                        <td>
                            <a
                                    href="http://www.hibernatespatial.org/repository/org/hibernatespatial/hibernate-spatial-oracle/1.0-M1/hibernate-spatial-oracle-1.0-M1.jar">
                                hibernate-spatial-oracle-1.0-M1.jar
                            </a>
                        </td>
                        <td>
                            <a
                                    href="http://www.hibernatespatial.org/repository/org/hibernatespatial/hibernate-spatial-oracle/1.0-M1/hibernate-spatial-oracle-1.0-M1.jar.md5">
                                hibernate-spatial-oracle-1.0-M1.jar.md5
                            </a>
                        </td>
                    </tr>
                    <tr>
                        <td>Postgis Provider</td>
                        <td>
                            <a
                                    href="http://www.hibernatespatial.org/repository/org/hibernatespatial/hibernate-spatial-postgis/1.0-M1/hibernate-spatial-postgis-1.0-M1.jar">
                                hibernate-spatial-postgis-1.0-M1.jar
                            </a>
                        </td>
                        <td>
                            <a
                                    href="http://www.hibernatespatial.org/repository/org/hibernatespatial/hibernate-spatial-postgis/1.0-M1/hibernate-spatial-postgis-1.0-M1.jar.md5">
                                hibernate-spatial-postgis-1.0-M1.jar.md5
                            </a>
                        </td>
                    </tr>
                    <tr>
                        <td>MySQL Provider</td>
                        <td>
                            <a
                                    href="http://www.hibernatespatial.org/repository/org/hibernatespatial/hibernate-spatial-mysql/1.0-M1/hibernate-spatial-mysql-1.0-M1.jar">
                                hibernate-spatial-mysql-1.0-M1.jar
                            </a>
                        </td>
                        <td>
                            <a
                                    href="http://www.hibernatespatial.org/repository/org/hibernatespatial/hibernate-spatial-mysql/1.0-M1/hibernate-spatial-mysql-1.0-M1.jar.md5">
                                hibernate-spatial-mysql-1.0-M1.jar.md5
                            </a>
                        </td>
                    </tr>
                </table>
            </subsection>
        </section>

    </body>
</document>