<?xml version="1.0" encoding="UTF-8"?>

<!--
  ~ $Id:$
  ~
  ~ This file is part of Hibernate Spatial, an extension to the
  ~ hibernate ORM solution for geographic data.
  ~
  ~ Copyright © 2007-2010 Geovise BVBA
  ~
  ~ This library is free software; you can redistribute it and/or
  ~ modify it under the terms of the GNU Lesser General Public
  ~ License as published by the Free Software Foundation; either
  ~ version 2.1 of the License, or (at your option) any later version.
  ~
  ~ This library is distributed in the hope that it will be useful,
  ~ but WITHOUT ANY WARRANTY; without even the implied warranty of
  ~ MERCHANTABILITY or FITNESS FOR A PARTICULAR PURPOSE.  See the GNU
  ~ Lesser General Public License for more details.
  ~
  ~ You should have received a copy of the GNU Lesser General Public
  ~ License along with this library; if not, write to the Free Software
  ~ Foundation, Inc., 59 Temple Place, Suite 330, Boston, MA  02111-1307  USA
  ~
  ~ For more information, visit: http://www.hibernatespatial.org/
  -->

<document>
    <header>
    </header>
    <body>
        <section name="Welcome to Hibernate Spatial">
            <p>Hibernate Spatial is a generic extension to Hibernate for handling geographic data. Hibernate Spatial is
                open source and licensed, like Hibernate, under the LGPL license.
            </p>
            <p>
                Hibernate Spatial allows you to deal with geographic data in a standardized way. It abstracts away from
                the specific way your database supports geographic data, and provides
                a standardized, cross-database interface to geographic data storage and query functions.
            </p>
            <p>Hibernate Spatial supports most of the functions of the OGC Simple Feature Specification. Supported
                databases are: Oracle 10g/11g, Postgresql/Postgis, Microsoft SQL Server and MySQL.
            </p>
            <p>There is a similar project for NHibernate:<a href="http://www.codeplex.com/NHibernateSpatial">
                NHibernate.Spatial</a>.
            </p>
        </section>
    </body>
</document>
