<?xml version="1.0" encoding="UTF-8"?>
<!--
  ~ $Id:$
  ~
  ~ This file is part of Hibernate Spatial, an extension to the
  ~ hibernate ORM solution for geographic data.
  ~
  ~ Copyright © 2007-2010 Geovise BVBA
  ~
  ~ This library is free software; you can redistribute it and/or
  ~ modify it under the terms of the GNU Lesser General Public
  ~ License as published by the Free Software Foundation; either
  ~ version 2.1 of the License, or (at your option) any later version.
  ~
  ~ This library is distributed in the hope that it will be useful,
  ~ but WITHOUT ANY WARRANTY; without even the implied warranty of
  ~ MERCHANTABILITY or FITNESS FOR A PARTICULAR PURPOSE.  See the GNU
  ~ Lesser General Public License for more details.
  ~
  ~ You should have received a copy of the GNU Lesser General Public
  ~ License along with this library; if not, write to the Free Software
  ~ Foundation, Inc., 59 Temple Place, Suite 330, Boston, MA  02111-1307  USA
  ~
  ~ For more information, visit: http://www.hibernatespatial.org/
  -->

<document>
    <properties>
        <author>Karel Maesen</author>
        <title>Maven Quick Start</title>
    </properties>

    <body>
        <section name="Maven Quick Start">
            <p>If you use maven for your project, it's very easy to start using Hibernate Spatial.</p>
            <p>First, add the Hibernate Spatial and GeoTools repositories to you pom.xml
            </p>
            <source>
                <![CDATA[
...
<repositories>
	<repository>
		<id>OSGEO GeoTools repo</id>
		<url>http://download.osgeo.org/webdav/geotools</url>
	</repository>
	<repository>
		<id>Hibernate Spatial repo</id>
		<url>http://www.hibernatespatial.org/repository</url>
	</repository>
		
</repositories>
...
]]>
            </source>
            <p>Secondly, add the Hibernate Spatial Provider as a dependency. E.g., when using Postgis/Postgresql, add
                the
                hibernate-spatial-postgis artifact. Other possibilities are: hibernate-spatial-oracle, or
                hibernate-spatial-mysql
            </p>

            <source>
                <![CDATA[
...
<dependencies>
	...
	<dependency>
		<groupId>org.hibernatespatial</groupId>
		<artifactId>hibernate-spatial-postgis</artifactId>
		<version>1.0</version>
	</dependency>
	...
</dependencies>
...
]]>
            </source>

            <p>Maven will now transitively resolve the dependencies to JTS, Hibernate and Hibernate Spatial (core
                module). Now you're good to go.
            </p>
        </section>
    </body>
</document>