<?xml version="1.0" encoding="UTF-8"?>

<!--
  ~ $Id:$
  ~
  ~ This file is part of Hibernate Spatial, an extension to the
  ~ hibernate ORM solution for geographic data.
  ~
  ~ Copyright © 2007-2010 Geovise BVBA
  ~
  ~ This library is free software; you can redistribute it and/or
  ~ modify it under the terms of the GNU Lesser General Public
  ~ License as published by the Free Software Foundation; either
  ~ version 2.1 of the License, or (at your option) any later version.
  ~
  ~ This library is distributed in the hope that it will be useful,
  ~ but WITHOUT ANY WARRANTY; without even the implied warranty of
  ~ MERCHANTABILITY or FITNESS FOR A PARTICULAR PURPOSE.  See the GNU
  ~ Lesser General Public License for more details.
  ~
  ~ You should have received a copy of the GNU Lesser General Public
  ~ License along with this library; if not, write to the Free Software
  ~ Foundation, Inc., 59 Temple Place, Suite 330, Boston, MA  02111-1307  USA
  ~
  ~ For more information, visit: http://www.hibernatespatial.org/
  -->

<document>
    <header>
    </header>
    <body>
        <section name="Spatial Dialect Providers">
            <p>
                Hibernate Spatial requires Spatial Dialect Providers to supply the database specific support for
                geographic data.
                Currently providers exist for Postgresql (PostGis spatial Extension), MySQL, Microsoft SQL Server (2008)
                and for Oracle 10g (Standard Locator).
            </p>
            <p>
                If you use only one database in you application, you just need to put the appropriate spatial dialect
                provider
                in your classpath. The Hibernate Spatial Extension will pick it up, and since it is the only provider in
                the classpath, use
                the dialect it provides as the spatial dialect
            </p>
        </section>
    </body>
</document>